INSERT INTO `properties` (`id`, `lsg_id`, `import_id`, `name`, `slug`, `landlord_id`, `country`, `city_lsg_id`, `address`, `zip_code`, `latitude`, `longitude`, `billing_cycle`, `total_beds`, `currency`, `rank`, `url`, `description`, `created_at`, `updated_at`, `deleted_at`, `published`, `external_id`, `integrated`, `source_system_id`, `source_system_key`, `exclude_auto_update`, `city_id`, `area_id`) VALUES ('999001',NULL,NULL,'testing room property 11','testing-room-property-11','125','GB','231004024','64 Church Road','SE19 2EZ','51.4179','-0.0805547','weekly',NULL,'GBP',NULL,NULL,NULL,'2016-10-11 05:37:03','2016-11-11 01:48:39',NULL,'1',NULL,'0',NULL,NULL,'1','412','17');
INSERT INTO `properties` (`id`, `lsg_id`, `import_id`, `name`, `slug`, `landlord_id`, `country`, `city_lsg_id`, `address`, `zip_code`, `latitude`, `longitude`, `billing_cycle`, `total_beds`, `currency`, `rank`, `url`, `description`, `created_at`, `updated_at`, `deleted_at`, `published`, `external_id`, `integrated`, `source_system_id`, `source_system_key`, `exclude_auto_update`, `city_id`, `area_id`) VALUES ('999002',NULL,NULL,'testing room property 12','testing-room-property-12','125','GB','231004024','Sycamore Walk','W10','51.5273','-0.99990061','weekly',NULL,'GBP',NULL,NULL,NULL,'2016-10-11 05:21:58','2016-10-31 09:41:41',NULL,'1',NULL,'0',NULL,NULL,'1','412','24');
INSERT INTO `properties` (`id`, `lsg_id`, `import_id`, `name`, `slug`, `landlord_id`, `country`, `city_lsg_id`, `address`, `zip_code`, `latitude`, `longitude`, `billing_cycle`, `total_beds`, `currency`, `rank`, `url`, `description`, `created_at`, `updated_at`, `deleted_at`, `published`, `external_id`, `integrated`, `source_system_id`, `source_system_key`, `exclude_auto_update`, `city_id`, `area_id`) VALUES ('999003',NULL,NULL,'testing room property 13','testing-room-property-13','125','GB','231004024','Testing room Property 3 address','SW19 6LY','51.4453','-0.99990061','weekly',NULL,'GBP',NULL,NULL,NULL,'2016-10-11 08:35:03','2016-10-31 09:41:30',NULL,'1',NULL,'0',NULL,NULL,'1','412','197');
INSERT INTO `properties` (`id`, `lsg_id`, `import_id`, `name`, `slug`, `landlord_id`, `country`, `city_lsg_id`, `address`, `zip_code`, `latitude`, `longitude`, `billing_cycle`, `total_beds`, `currency`, `rank`, `url`, `description`, `created_at`, `updated_at`, `deleted_at`, `published`, `external_id`, `integrated`, `source_system_id`, `source_system_key`, `exclude_auto_update`, `city_id`, `area_id`) VALUES ('999004',NULL,NULL,'testing room property 14','testing-room-property-14','125','GB','231004024','10 Grove Road','E3 5AR','51.5273','-0.0366094','weekly',NULL,'GBP',NULL,NULL,NULL,'2016-10-11 09:11:13','2016-10-31 09:41:58',NULL,'1',NULL,'0',NULL,NULL,'1','412','9');
INSERT INTO `properties` (`id`, `lsg_id`, `import_id`, `name`, `slug`, `landlord_id`, `country`, `city_lsg_id`, `address`, `zip_code`, `latitude`, `longitude`, `billing_cycle`, `total_beds`, `currency`, `rank`, `url`, `description`, `created_at`, `updated_at`, `deleted_at`, `published`, `external_id`, `integrated`, `source_system_id`, `source_system_key`, `exclude_auto_update`, `city_id`, `area_id`) VALUES ('999005',NULL,NULL,'testing room property 15','testing-room-property-15','125','GB','231004024','29 Hilldown Road','SW16 3DZ','51.4179','-0.1245','weekly',NULL,'GBP',NULL,NULL,NULL,'2016-10-19 05:27:30','2016-10-31 09:42:05',NULL,'1',NULL,'0',NULL,NULL,'1','412','24');
INSERT INTO `property_distinctions` (`id`, `distinction_id`, `property_id`, `label`, `created_at`, `updated_at`, `deleted_at`) VALUES ('99001','19','999002','private','2016-10-11 05:25:31','2016-10-11 05:25:31',NULL);
INSERT INTO `property_distinctions` (`id`, `distinction_id`, `property_id`, `label`, `created_at`, `updated_at`, `deleted_at`) VALUES ('99002','19','999001','bathroom private','2016-10-11 05:44:14','2016-10-11 05:44:14',NULL);
INSERT INTO `property_distinctions` (`id`, `distinction_id`, `property_id`, `label`, `created_at`, `updated_at`, `deleted_at`) VALUES ('99003','12','999001','bathroom shared','2016-10-11 05:44:14','2016-10-11 05:44:14',NULL);
INSERT INTO `property_distinctions` (`id`, `distinction_id`, `property_id`, `label`, `created_at`, `updated_at`, `deleted_at`) VALUES ('99004','18','999001','bed bunk','2016-10-11 05:44:14','2016-10-11 05:44:14',NULL);
INSERT INTO `property_distinctions` (`id`, `distinction_id`, `property_id`, `label`, `created_at`, `updated_at`, `deleted_at`) VALUES ('99005','11','999001','bed single','2016-10-11 05:44:15','2016-10-11 05:44:15',NULL);
INSERT INTO `property_distinctions` (`id`, `distinction_id`, `property_id`, `label`, `created_at`, `updated_at`, `deleted_at`) VALUES ('99006','13','999001','bed twin','2016-10-11 05:44:15','2016-10-11 05:44:15',NULL);
INSERT INTO `property_distinctions` (`id`, `distinction_id`, `property_id`, `label`, `created_at`, `updated_at`, `deleted_at`) VALUES ('99007','4','999001','floor low','2016-10-11 05:44:15','2016-10-11 05:44:15',NULL);
INSERT INTO `property_distinctions` (`id`, `distinction_id`, `property_id`, `label`, `created_at`, `updated_at`, `deleted_at`) VALUES ('99008','16','999001','floor mid','2016-10-11 05:44:15','2016-10-11 05:44:15',NULL);
INSERT INTO `property_distinctions` (`id`, `distinction_id`, `property_id`, `label`, `created_at`, `updated_at`, `deleted_at`) VALUES ('99009','6','999001','size standard','2016-10-11 05:44:15','2016-10-11 05:44:15',NULL);
INSERT INTO `property_distinctions` (`id`, `distinction_id`, `property_id`, `label`, `created_at`, `updated_at`, `deleted_at`) VALUES ('99010','9','999001','size large','2016-10-11 05:44:15','2016-10-11 05:44:15',NULL);
INSERT INTO `property_distinctions` (`id`, `distinction_id`, `property_id`, `label`, `created_at`, `updated_at`, `deleted_at`) VALUES ('99011','19','999003','Bath 3','2016-10-11 08:37:34','2016-10-11 08:41:10',NULL);
INSERT INTO `property_distinctions` (`id`, `distinction_id`, `property_id`, `label`, `created_at`, `updated_at`, `deleted_at`) VALUES ('99012','19','999004','Bath 4','2016-10-11 09:12:34','2016-10-11 09:12:34',NULL);
INSERT INTO `property_distinctions` (`id`, `distinction_id`, `property_id`, `label`, `created_at`, `updated_at`, `deleted_at`) VALUES ('99013','19','999005','private room','2016-10-19 05:29:21','2016-10-19 05:29:21',NULL);
INSERT INTO `property_distinctions` (`id`, `distinction_id`, `property_id`, `label`, `created_at`, `updated_at`, `deleted_at`) VALUES ('99014','4','999005','floor low','2016-10-19 05:29:21','2016-10-19 05:29:21',NULL);
INSERT INTO `property_distinctions` (`id`, `distinction_id`, `property_id`, `label`, `created_at`, `updated_at`, `deleted_at`) VALUES ('99015','13','999005','bed twin','2016-10-19 05:29:21','2016-10-19 05:29:21',NULL);
INSERT INTO `property_distinctions` (`id`, `distinction_id`, `property_id`, `label`, `created_at`, `updated_at`, `deleted_at`) VALUES ('99016','11','999005','bed single','2016-10-19 05:29:21','2016-10-19 05:29:21',NULL);
INSERT INTO `property_distinctions` (`id`, `distinction_id`, `property_id`, `label`, `created_at`, `updated_at`, `deleted_at`) VALUES ('99017','12','999005','shared room','2016-10-19 05:29:22','2016-10-19 05:29:22',NULL);
INSERT INTO `unit_types` (`id`, `lsg_room_id`, `import_id`, `privacy_level`, `name`, `category_slug`, `property_id`, `classification_id`, `bedroom_count_min`, `bedroom_count_max`, `bathroom_count`, `kitchen_count`, `bed_count`, `floorplan_area`, `floorplan_area_display_unit`, `ensuite`, `max_occupancy`, `gender_mix`, `dietary_preference`, `smoking_preference`, `year_preference`, `arrangement`, `description`, `note`, `created_at`, `updated_at`, `deleted_at`) VALUES ('9999001',NULL,NULL,'room','Unit 1','private-room','999002',NULL,NULL,NULL,NULL,NULL,NULL,NULL,NULL,NULL,NULL,NULL,NULL,NULL,NULL,'apartment',NULL,NULL,'2016-10-11 05:25:57','2016-10-11 05:25:57',NULL);
INSERT INTO `unit_types` (`id`, `lsg_room_id`, `import_id`, `privacy_level`, `name`, `category_slug`, `property_id`, `classification_id`, `bedroom_count_min`, `bedroom_count_max`, `bathroom_count`, `kitchen_count`, `bed_count`, `floorplan_area`, `floorplan_area_display_unit`, `ensuite`, `max_occupancy`, `gender_mix`, `dietary_preference`, `smoking_preference`, `year_preference`, `arrangement`, `description`, `note`, `created_at`, `updated_at`, `deleted_at`) VALUES ('9999002',NULL,NULL,'place','Unit 2','entire-place','999002',NULL,NULL,NULL,NULL,NULL,NULL,NULL,NULL,NULL,NULL,NULL,NULL,NULL,NULL,'apartment',NULL,NULL,'2016-10-11 05:42:48','2016-10-11 05:42:48',NULL);
INSERT INTO `unit_types` (`id`, `lsg_room_id`, `import_id`, `privacy_level`, `name`, `category_slug`, `property_id`, `classification_id`, `bedroom_count_min`, `bedroom_count_max`, `bathroom_count`, `kitchen_count`, `bed_count`, `floorplan_area`, `floorplan_area_display_unit`, `ensuite`, `max_occupancy`, `gender_mix`, `dietary_preference`, `smoking_preference`, `year_preference`, `arrangement`, `description`, `note`, `created_at`, `updated_at`, `deleted_at`) VALUES ('9999003',NULL,NULL,'bed','Unit 3','shared-room','999002',NULL,NULL,NULL,NULL,NULL,NULL,NULL,NULL,NULL,NULL,NULL,NULL,NULL,NULL,'apartment',NULL,NULL,'2016-10-11 05:46:55','2016-10-11 05:46:55',NULL);
INSERT INTO `unit_types` (`id`, `lsg_room_id`, `import_id`, `privacy_level`, `name`, `category_slug`, `property_id`, `classification_id`, `bedroom_count_min`, `bedroom_count_max`, `bathroom_count`, `kitchen_count`, `bed_count`, `floorplan_area`, `floorplan_area_display_unit`, `ensuite`, `max_occupancy`, `gender_mix`, `dietary_preference`, `smoking_preference`, `year_preference`, `arrangement`, `description`, `note`, `created_at`, `updated_at`, `deleted_at`) VALUES ('9999004',NULL,NULL,'room','Unit 1','private-room','999001',NULL,'10','20',NULL,NULL,'100','20','m2',NULL,'6',NULL,NULL,NULL,NULL,'cluster',NULL,NULL,'2016-10-11 06:16:42','2016-10-11 06:16:42',NULL);
INSERT INTO `unit_types` (`id`, `lsg_room_id`, `import_id`, `privacy_level`, `name`, `category_slug`, `property_id`, `classification_id`, `bedroom_count_min`, `bedroom_count_max`, `bathroom_count`, `kitchen_count`, `bed_count`, `floorplan_area`, `floorplan_area_display_unit`, `ensuite`, `max_occupancy`, `gender_mix`, `dietary_preference`, `smoking_preference`, `year_preference`, `arrangement`, `description`, `note`, `created_at`, `updated_at`, `deleted_at`) VALUES ('9999005',NULL,NULL,'place','Unit 2','entire-place','999001',NULL,'10','20',NULL,NULL,'90',NULL,'m2',NULL,NULL,NULL,NULL,NULL,NULL,'apartment',NULL,NULL,'2016-10-11 08:33:34','2016-10-11 08:33:34',NULL);
INSERT INTO `unit_types` (`id`, `lsg_room_id`, `import_id`, `privacy_level`, `name`, `category_slug`, `property_id`, `classification_id`, `bedroom_count_min`, `bedroom_count_max`, `bathroom_count`, `kitchen_count`, `bed_count`, `floorplan_area`, `floorplan_area_display_unit`, `ensuite`, `max_occupancy`, `gender_mix`, `dietary_preference`, `smoking_preference`, `year_preference`, `arrangement`, `description`, `note`, `created_at`, `updated_at`, `deleted_at`) VALUES ('9999006',NULL,NULL,'place','unit 3','entire-place','999001',NULL,NULL,NULL,NULL,NULL,NULL,'20','sqft',NULL,NULL,NULL,NULL,NULL,NULL,'apartment',NULL,NULL,'2016-10-11 09:05:08','2016-10-11 09:05:08',NULL);
INSERT INTO `unit_types` (`id`, `lsg_room_id`, `import_id`, `privacy_level`, `name`, `category_slug`, `property_id`, `classification_id`, `bedroom_count_min`, `bedroom_count_max`, `bathroom_count`, `kitchen_count`, `bed_count`, `floorplan_area`, `floorplan_area_display_unit`, `ensuite`, `max_occupancy`, `gender_mix`, `dietary_preference`, `smoking_preference`, `year_preference`, `arrangement`, `description`, `note`, `created_at`, `updated_at`, `deleted_at`) VALUES ('9999007',NULL,NULL,'place','Unit 4','entire-place','999001',NULL,NULL,NULL,NULL,NULL,NULL,NULL,NULL,NULL,NULL,NULL,NULL,NULL,NULL,'apartment',NULL,NULL,'2016-10-11 09:07:59','2016-10-11 09:07:59',NULL);
INSERT INTO `unit_types` (`id`, `lsg_room_id`, `import_id`, `privacy_level`, `name`, `category_slug`, `property_id`, `classification_id`, `bedroom_count_min`, `bedroom_count_max`, `bathroom_count`, `kitchen_count`, `bed_count`, `floorplan_area`, `floorplan_area_display_unit`, `ensuite`, `max_occupancy`, `gender_mix`, `dietary_preference`, `smoking_preference`, `year_preference`, `arrangement`, `description`, `note`, `created_at`, `updated_at`, `deleted_at`) VALUES ('9999008',NULL,NULL,'room','Unit 5','private-room','999001',NULL,NULL,NULL,NULL,NULL,NULL,NULL,NULL,NULL,NULL,NULL,NULL,NULL,NULL,'apartment',NULL,NULL,'2016-10-11 09:21:06','2016-10-11 09:21:06',NULL);
INSERT INTO `unit_types` (`id`, `lsg_room_id`, `import_id`, `privacy_level`, `name`, `category_slug`, `property_id`, `classification_id`, `bedroom_count_min`, `bedroom_count_max`, `bathroom_count`, `kitchen_count`, `bed_count`, `floorplan_area`, `floorplan_area_display_unit`, `ensuite`, `max_occupancy`, `gender_mix`, `dietary_preference`, `smoking_preference`, `year_preference`, `arrangement`, `description`, `note`, `created_at`, `updated_at`, `deleted_at`) VALUES ('9999009',NULL,NULL,'room','Unit 6','private-room','999001',NULL,NULL,NULL,NULL,NULL,NULL,NULL,NULL,NULL,NULL,NULL,NULL,NULL,NULL,'apartment',NULL,NULL,'2016-10-11 09:21:34','2016-10-11 09:21:34',NULL);
INSERT INTO `unit_types` (`id`, `lsg_room_id`, `import_id`, `privacy_level`, `name`, `category_slug`, `property_id`, `classification_id`, `bedroom_count_min`, `bedroom_count_max`, `bathroom_count`, `kitchen_count`, `bed_count`, `floorplan_area`, `floorplan_area_display_unit`, `ensuite`, `max_occupancy`, `gender_mix`, `dietary_preference`, `smoking_preference`, `year_preference`, `arrangement`, `description`, `note`, `created_at`, `updated_at`, `deleted_at`) VALUES ('9999010',NULL,NULL,'room','Unit 7','private-room','999001',NULL,NULL,NULL,NULL,NULL,NULL,NULL,NULL,NULL,NULL,NULL,NULL,NULL,NULL,'apartment',NULL,NULL,'2016-10-11 09:21:54','2016-10-11 09:22:46',NULL);
INSERT INTO `unit_types` (`id`, `lsg_room_id`, `import_id`, `privacy_level`, `name`, `category_slug`, `property_id`, `classification_id`, `bedroom_count_min`, `bedroom_count_max`, `bathroom_count`, `kitchen_count`, `bed_count`, `floorplan_area`, `floorplan_area_display_unit`, `ensuite`, `max_occupancy`, `gender_mix`, `dietary_preference`, `smoking_preference`, `year_preference`, `arrangement`, `description`, `note`, `created_at`, `updated_at`, `deleted_at`) VALUES ('9999011',NULL,NULL,'room','Unit 1','private-room','999003',NULL,NULL,NULL,NULL,NULL,NULL,NULL,NULL,NULL,NULL,NULL,NULL,NULL,NULL,'apartment',NULL,NULL,'2016-10-11 08:40:33','2016-10-11 08:40:33',NULL);
INSERT INTO `unit_types` (`id`, `lsg_room_id`, `import_id`, `privacy_level`, `name`, `category_slug`, `property_id`, `classification_id`, `bedroom_count_min`, `bedroom_count_max`, `bathroom_count`, `kitchen_count`, `bed_count`, `floorplan_area`, `floorplan_area_display_unit`, `ensuite`, `max_occupancy`, `gender_mix`, `dietary_preference`, `smoking_preference`, `year_preference`, `arrangement`, `description`, `note`, `created_at`, `updated_at`, `deleted_at`) VALUES ('9999012',NULL,NULL,'place','Unit 2','entire-place','999003',NULL,NULL,NULL,NULL,NULL,NULL,NULL,NULL,NULL,NULL,NULL,NULL,NULL,NULL,'apartment',NULL,NULL,'2016-10-11 08:42:02','2016-10-11 08:42:02',NULL);
INSERT INTO `unit_types` (`id`, `lsg_room_id`, `import_id`, `privacy_level`, `name`, `category_slug`, `property_id`, `classification_id`, `bedroom_count_min`, `bedroom_count_max`, `bathroom_count`, `kitchen_count`, `bed_count`, `floorplan_area`, `floorplan_area_display_unit`, `ensuite`, `max_occupancy`, `gender_mix`, `dietary_preference`, `smoking_preference`, `year_preference`, `arrangement`, `description`, `note`, `created_at`, `updated_at`, `deleted_at`) VALUES ('9999013',NULL,NULL,'room','Unit 1','private-room','999004',NULL,NULL,NULL,NULL,NULL,NULL,NULL,NULL,NULL,NULL,NULL,NULL,NULL,NULL,'apartment',NULL,NULL,'2016-10-11 09:13:41','2016-10-11 09:13:41',NULL);
INSERT INTO `unit_types` (`id`, `lsg_room_id`, `import_id`, `privacy_level`, `name`, `category_slug`, `property_id`, `classification_id`, `bedroom_count_min`, `bedroom_count_max`, `bathroom_count`, `kitchen_count`, `bed_count`, `floorplan_area`, `floorplan_area_display_unit`, `ensuite`, `max_occupancy`, `gender_mix`, `dietary_preference`, `smoking_preference`, `year_preference`, `arrangement`, `description`, `note`, `created_at`, `updated_at`, `deleted_at`) VALUES ('9999014',NULL,NULL,'room','Unit 1','private-room','999005',NULL,NULL,NULL,NULL,NULL,NULL,NULL,NULL,NULL,NULL,NULL,NULL,NULL,NULL,'apartment',NULL,NULL,'2016-10-19 05:30:40','2016-10-19 05:30:40',NULL);
INSERT INTO `unit_types` (`id`, `lsg_room_id`, `import_id`, `privacy_level`, `name`, `category_slug`, `property_id`, `classification_id`, `bedroom_count_min`, `bedroom_count_max`, `bathroom_count`, `kitchen_count`, `bed_count`, `floorplan_area`, `floorplan_area_display_unit`, `ensuite`, `max_occupancy`, `gender_mix`, `dietary_preference`, `smoking_preference`, `year_preference`, `arrangement`, `description`, `note`, `created_at`, `updated_at`, `deleted_at`) VALUES ('9999015',NULL,NULL,'room','Unit 2','private-room','999005',NULL,NULL,NULL,NULL,NULL,NULL,NULL,NULL,NULL,NULL,NULL,NULL,NULL,NULL,'apartment',NULL,NULL,'2016-10-19 05:58:16','2016-10-19 05:58:16',NULL);
INSERT INTO `unit_types` (`id`, `lsg_room_id`, `import_id`, `privacy_level`, `name`, `category_slug`, `property_id`, `classification_id`, `bedroom_count_min`, `bedroom_count_max`, `bathroom_count`, `kitchen_count`, `bed_count`, `floorplan_area`, `floorplan_area_display_unit`, `ensuite`, `max_occupancy`, `gender_mix`, `dietary_preference`, `smoking_preference`, `year_preference`, `arrangement`, `description`, `note`, `created_at`, `updated_at`, `deleted_at`) VALUES ('9999016',NULL,NULL,'room','Unit 3','private-room','999005',NULL,NULL,NULL,NULL,NULL,'30',NULL,NULL,NULL,NULL,NULL,NULL,NULL,NULL,'apartment',NULL,NULL,'2016-10-19 06:18:03','2016-10-19 06:18:03',NULL);
INSERT INTO `unit_types` (`id`, `lsg_room_id`, `import_id`, `privacy_level`, `name`, `category_slug`, `property_id`, `classification_id`, `bedroom_count_min`, `bedroom_count_max`, `bathroom_count`, `kitchen_count`, `bed_count`, `floorplan_area`, `floorplan_area_display_unit`, `ensuite`, `max_occupancy`, `gender_mix`, `dietary_preference`, `smoking_preference`, `year_preference`, `arrangement`, `description`, `note`, `created_at`, `updated_at`, `deleted_at`) VALUES ('9999017',NULL,NULL,'room','Unit 4','private-room','999005',NULL,NULL,NULL,NULL,NULL,'10',NULL,NULL,NULL,NULL,NULL,NULL,NULL,NULL,'apartment',NULL,NULL,'2016-10-19 06:19:54','2016-10-19 06:19:54',NULL);
INSERT INTO `unit_types` (`id`, `lsg_room_id`, `import_id`, `privacy_level`, `name`, `category_slug`, `property_id`, `classification_id`, `bedroom_count_min`, `bedroom_count_max`, `bathroom_count`, `kitchen_count`, `bed_count`, `floorplan_area`, `floorplan_area_display_unit`, `ensuite`, `max_occupancy`, `gender_mix`, `dietary_preference`, `smoking_preference`, `year_preference`, `arrangement`, `description`, `note`, `created_at`, `updated_at`, `deleted_at`) VALUES ('9999018',NULL,NULL,'place','Unit 5','entire-place','999005',NULL,NULL,NULL,NULL,NULL,NULL,NULL,NULL,NULL,NULL,NULL,NULL,NULL,NULL,'apartment',NULL,NULL,'2016-10-19 06:27:30','2016-10-19 06:27:30',NULL);
INSERT INTO `unit_types` (`id`, `lsg_room_id`, `import_id`, `privacy_level`, `name`, `category_slug`, `property_id`, `classification_id`, `bedroom_count_min`, `bedroom_count_max`, `bathroom_count`, `kitchen_count`, `bed_count`, `floorplan_area`, `floorplan_area_display_unit`, `ensuite`, `max_occupancy`, `gender_mix`, `dietary_preference`, `smoking_preference`, `year_preference`, `arrangement`, `description`, `note`, `created_at`, `updated_at`, `deleted_at`) VALUES ('9999019',NULL,NULL,'place','Unit 6','entire-place','999005',NULL,NULL,NULL,NULL,NULL,NULL,NULL,NULL,NULL,NULL,NULL,NULL,NULL,NULL,'apartment',NULL,NULL,'2016-10-19 06:30:33','2016-10-19 06:30:33',NULL);
INSERT INTO `unit_types` (`id`, `lsg_room_id`, `import_id`, `privacy_level`, `name`, `category_slug`, `property_id`, `classification_id`, `bedroom_count_min`, `bedroom_count_max`, `bathroom_count`, `kitchen_count`, `bed_count`, `floorplan_area`, `floorplan_area_display_unit`, `ensuite`, `max_occupancy`, `gender_mix`, `dietary_preference`, `smoking_preference`, `year_preference`, `arrangement`, `description`, `note`, `created_at`, `updated_at`, `deleted_at`) VALUES ('9999020',NULL,NULL,'place','Unit 7','entire-place','999005',NULL,NULL,NULL,NULL,NULL,NULL,NULL,NULL,NULL,NULL,NULL,NULL,NULL,NULL,'apartment',NULL,NULL,'2016-10-19 06:30:49','2016-10-19 06:30:49',NULL);
INSERT INTO `unit_type_distinctions` (`property_distinction_id`, `unit_type_id`, `created_at`, `updated_at`) VALUES ('99001','9999001','2016-10-11 05:25:57','2016-10-11 05:25:57');
INSERT INTO `unit_type_distinctions` (`property_distinction_id`, `unit_type_id`, `created_at`, `updated_at`) VALUES ('99001','9999002','2016-10-11 05:42:48','2016-10-11 05:42:48');
INSERT INTO `unit_type_distinctions` (`property_distinction_id`, `unit_type_id`, `created_at`, `updated_at`) VALUES ('99001','9999003','2016-10-11 05:46:55','2016-10-11 05:46:55');
INSERT INTO `unit_type_distinctions` (`property_distinction_id`, `unit_type_id`, `created_at`, `updated_at`) VALUES ('99009','9999004','2016-10-11 06:16:42','2016-10-11 06:16:42');
INSERT INTO `unit_type_distinctions` (`property_distinction_id`, `unit_type_id`, `created_at`, `updated_at`) VALUES ('99007','9999004','2016-10-11 06:16:42','2016-10-11 06:16:42');
INSERT INTO `unit_type_distinctions` (`property_distinction_id`, `unit_type_id`, `created_at`, `updated_at`) VALUES ('99004','9999004','2016-10-11 06:16:42','2016-10-11 06:16:42');
INSERT INTO `unit_type_distinctions` (`property_distinction_id`, `unit_type_id`, `created_at`, `updated_at`) VALUES ('99002','9999004','2016-10-11 06:16:42','2016-10-11 06:16:42');
INSERT INTO `unit_type_distinctions` (`property_distinction_id`, `unit_type_id`, `created_at`, `updated_at`) VALUES ('99010','9999005','2016-10-11 08:33:34','2016-10-11 08:33:34');
INSERT INTO `unit_type_distinctions` (`property_distinction_id`, `unit_type_id`, `created_at`, `updated_at`) VALUES ('99007','9999005','2016-10-11 08:33:34','2016-10-11 08:33:34');
INSERT INTO `unit_type_distinctions` (`property_distinction_id`, `unit_type_id`, `created_at`, `updated_at`) VALUES ('99005','9999005','2016-10-11 08:33:34','2016-10-11 08:33:34');
INSERT INTO `unit_type_distinctions` (`property_distinction_id`, `unit_type_id`, `created_at`, `updated_at`) VALUES ('99003','9999005','2016-10-11 08:33:34','2016-10-11 08:33:34');
INSERT INTO `unit_type_distinctions` (`property_distinction_id`, `unit_type_id`, `created_at`, `updated_at`) VALUES ('99010','9999006','2016-10-11 09:05:08','2016-10-11 09:05:08');
INSERT INTO `unit_type_distinctions` (`property_distinction_id`, `unit_type_id`, `created_at`, `updated_at`) VALUES ('99002','9999006','2016-10-11 09:05:08','2016-10-11 09:05:08');
INSERT INTO `unit_type_distinctions` (`property_distinction_id`, `unit_type_id`, `created_at`, `updated_at`) VALUES ('99002','9999007','2016-10-11 09:07:59','2016-10-11 09:07:59');
INSERT INTO `unit_type_distinctions` (`property_distinction_id`, `unit_type_id`, `created_at`, `updated_at`) VALUES ('99002','9999008','2016-10-11 09:21:06','2016-10-11 09:21:06');
INSERT INTO `unit_type_distinctions` (`property_distinction_id`, `unit_type_id`, `created_at`, `updated_at`) VALUES ('99002','9999009','2016-10-11 09:21:34','2016-10-11 09:21:34');
INSERT INTO `unit_type_distinctions` (`property_distinction_id`, `unit_type_id`, `created_at`, `updated_at`) VALUES ('99002','9999010','2016-10-11 09:21:54','2016-10-11 09:21:54');
INSERT INTO `unit_type_distinctions` (`property_distinction_id`, `unit_type_id`, `created_at`, `updated_at`) VALUES ('99011','9999011','2016-10-11 08:40:33','2016-10-11 08:40:33');
INSERT INTO `unit_type_distinctions` (`property_distinction_id`, `unit_type_id`, `created_at`, `updated_at`) VALUES ('99011','9999012','2016-10-11 08:42:02','2016-10-11 08:42:02');
INSERT INTO `unit_type_distinctions` (`property_distinction_id`, `unit_type_id`, `created_at`, `updated_at`) VALUES ('99012','9999013','2016-10-11 09:13:41','2016-10-11 09:13:41');
INSERT INTO `unit_type_distinctions` (`property_distinction_id`, `unit_type_id`, `created_at`, `updated_at`) VALUES ('99014','9999014','2016-10-19 05:30:40','2016-10-19 05:30:40');
INSERT INTO `unit_type_distinctions` (`property_distinction_id`, `unit_type_id`, `created_at`, `updated_at`) VALUES ('99015','9999014','2016-10-19 05:30:40','2016-10-19 05:30:40');
INSERT INTO `unit_type_distinctions` (`property_distinction_id`, `unit_type_id`, `created_at`, `updated_at`) VALUES ('99013','9999014','2016-10-19 05:30:40','2016-10-19 05:30:40');
INSERT INTO `unit_type_distinctions` (`property_distinction_id`, `unit_type_id`, `created_at`, `updated_at`) VALUES ('99014','9999015','2016-10-19 05:58:16','2016-10-19 05:58:16');
INSERT INTO `unit_type_distinctions` (`property_distinction_id`, `unit_type_id`, `created_at`, `updated_at`) VALUES ('99016','9999015','2016-10-19 05:58:16','2016-10-19 05:58:16');
INSERT INTO `unit_type_distinctions` (`property_distinction_id`, `unit_type_id`, `created_at`, `updated_at`) VALUES ('99013','9999015','2016-10-19 05:58:16','2016-10-19 05:58:16');
INSERT INTO `unit_type_distinctions` (`property_distinction_id`, `unit_type_id`, `created_at`, `updated_at`) VALUES ('99014','9999016','2016-10-19 06:18:03','2016-10-19 06:18:03');
INSERT INTO `unit_type_distinctions` (`property_distinction_id`, `unit_type_id`, `created_at`, `updated_at`) VALUES ('99013','9999016','2016-10-19 06:18:03','2016-10-19 06:18:03');
INSERT INTO `unit_type_distinctions` (`property_distinction_id`, `unit_type_id`, `created_at`, `updated_at`) VALUES ('99014','9999017','2016-10-19 06:19:54','2016-10-19 06:19:54');
INSERT INTO `unit_type_distinctions` (`property_distinction_id`, `unit_type_id`, `created_at`, `updated_at`) VALUES ('99013','9999017','2016-10-19 06:19:54','2016-10-19 06:19:54');
INSERT INTO `unit_type_distinctions` (`property_distinction_id`, `unit_type_id`, `created_at`, `updated_at`) VALUES ('99014','9999018','2016-10-19 06:27:30','2016-10-19 06:27:30');
INSERT INTO `unit_type_distinctions` (`property_distinction_id`, `unit_type_id`, `created_at`, `updated_at`) VALUES ('99015','9999018','2016-10-19 06:27:30','2016-10-19 06:27:30');
INSERT INTO `unit_type_distinctions` (`property_distinction_id`, `unit_type_id`, `created_at`, `updated_at`) VALUES ('99013','9999018','2016-10-19 06:27:30','2016-10-19 06:27:30');
INSERT INTO `unit_type_distinctions` (`property_distinction_id`, `unit_type_id`, `created_at`, `updated_at`) VALUES ('99017','9999019','2016-10-19 06:30:33','2016-10-19 06:30:33');
INSERT INTO `unit_type_distinctions` (`property_distinction_id`, `unit_type_id`, `created_at`, `updated_at`) VALUES ('99013','9999020','2016-10-19 06:30:49','2016-10-19 06:30:49');
INSERT INTO `property_facilities` (`property_id`, `facility_slug`, `created_at`, `updated_at`) VALUES ('999002','pet_friendly','2016-10-11 05:25:31','2016-10-11 05:25:31');
INSERT INTO `property_facilities` (`property_id`, `facility_slug`, `created_at`, `updated_at`) VALUES ('999002','onsite_security_officer','2016-10-11 05:25:31','2016-10-11 05:25:31');
INSERT INTO `property_facilities` (`property_id`, `facility_slug`, `created_at`, `updated_at`) VALUES ('999001','maintenance_team','2016-10-11 05:44:15','2016-10-11 05:44:15');
INSERT INTO `property_facilities` (`property_id`, `facility_slug`, `created_at`, `updated_at`) VALUES ('999003','cable_tv','2016-10-11 08:37:34','2016-10-11 08:37:34');
INSERT INTO `property_facilities` (`property_id`, `facility_slug`, `created_at`, `updated_at`) VALUES ('999004','onsite_grocery_store','2016-10-11 09:12:34','2016-10-11 09:12:34');
INSERT INTO `property_facilities` (`property_id`, `facility_slug`, `created_at`, `updated_at`) VALUES ('999005','onsite_grocery_store','2016-10-19 05:27:59','2016-10-19 05:27:59');
